name,lenm,lenn ,Xstr,toeholdstrm,toeholdstrn,temp inverye 1000/K,time,bimolecular rate,error rate,,sodium,magnisium,unimolecular rate,0,0,concentration1,concentration2
m = 2 (nt),2,2,GCGACACCGTGGACGTGCGGT,TTGAGAAGGAGTGGGT,GTTAGC,3.354016,,0.1,0.0063,,0.05,0.0125,0.0015,,,1.85E-07,0.000003
m = 0 (nt),0,2,GCGACACCGTGGACGTGCGGT,TTGAGAAGGAGTGGGT,GTTAGC,3.354016,,0.033,0.0023,,0.05,0.0125,0.00044,,,1.85E-07,0.000003
m = 2 (nt),2,4,GCGACACCGTGGACGTGCGGT,TTGAGAAGGAGTGGGT,GTTAGC,3.354016,,0.93,0.088,,0.05,0.0125,0.0015,,,1.85E-07,0.000002
m = 0 (nt),0,4,GCGACACCGTGGACGTGCGGT,TTGAGAAGGAGTGGGT,GTTAGC,3.354016,,0.039,0.0032,,0.05,0.0125,0.00044,,,1.85E-07,0.000003
m = 4 (nt),4,0,GCGACACCGTGGACGTGCGGT,TTGAGAAGGAGTGGGT,GTTAGC,3.354016,,0.97,0.23,,0.05,0.0125,0.00044,,,1.85E-07,0.000002
m = 4 (nt),4,2,GCGACACCGTGGACGTGCGGT,TTGAGAAGGAGTGGGT,GTTAGC,3.354016,,56,1.4,,0.05,0.0125,0.0015,,,1.85E-07,0.000001
m = 2 (nt),2,6,GCGACACCGTGGACGTGCGGT,TTGAGAAGGAGTGGGT,GTTAGC,3.354016,,490,34,,0.05,0.0125,0.0015,,,3.75E-08,2.00E-07
m = 6 (nt),6,0,GCGACACCGTGGACGTGCGGT,TTGAGAAGGAGTGGGT,GTTAGC,3.354016,,58,6.8,,0.05,0.0125,0.00044,,,7.50E-08,1.50E-06
m = 4 (nt),4,4,GCGACACCGTGGACGTGCGGT,TTGAGAAGGAGTGGGT,GTTAGC,3.354016,,770,88,,0.05,0.0125,0.0015,,,1.85E-07,2.00E-07
m = 0 (nt),0,6,GCGACACCGTGGACGTGCGGT,TTGAGAAGGAGTGGGT,GTTAGC,3.354016,,5,0.028,,0.05,0.0125,0.00044,,,1.85E-07,0.000001
m = 6 (nt),6,2,GCGACACCGTGGACGTGCGGT,TTGAGAAGGAGTGGGT,GTTAGC,3.354016,,9400,3500,,0.05,0.0125,0.0015,,,1.50E-09,5.00E-09
m = 6 (nt),6,4,GCGACACCGTGGACGTGCGGT,TTGAGAAGGAGTGGGT,GTTAGC,3.354016,,70000,30000,,0.05,0.0125,0.0015,,,8.33E-10,3.83E-09
m = 4 (nt),4,6,GCGACACCGTGGACGTGCGGT,TTGAGAAGGAGTGGGT,GTTAGC,3.354016,,280000,170000,,0.05,0.0125,0.0015,,,1.17E-09,2.00E-09
m = 6 (nt),6,6,GCGACACCGTGGACGTGCGGT,TTGAGAAGGAGTGGGT,GTTAGC,3.354016,,690000,350000,,0.05,0.0125,0.0015,,,1.17E-09,2.00E-09
