name,toehold length, mismatch position,incumbent dangle,incumbent,target,invader,temp celcius,time,RATE,,,,sodium M,magnisium M,,concentration duplex,concentration invader
10nt ,10,-1,TGGTGTTTGTGGGTGT,TGGTGTTTGTGGGTGTGGTGAGTTTGAGGTTGA,CCCTCCACATTCAACCTCAAACTCACC,GGTGAGTTTGAGGTTGAATGTGGAGGG,23,,2557861.171,,,,0.05,0.01,,0.000000005,0.000000005
10nt,10,2,TGGTGTTTGTGGGTGT,TGGTGTTTGTGGGTGTGGTGAGTTTGAGGTTGA,CCCTCCACATTCAACCTCAAACTCACC,GGTGAGTTTGAGGTTCAATGTGGAGGG,23,,626179.9748,,,,0.05,0.01,,0.000000005,0.000000005
10nt,10,3,TGGTGTTTGTGGGTGT,TGGTGTTTGTGGGTGTGGTGAGTTTGAGGTGAT,CCCTCCACATATCACCTCAAACTCACC,GGTGAGTTTGAGGTCATATGTGGAGGG,23,,324752.788,,,,0.05,0.01,,0.000000005,0.000000005
10nt,10,4,TGGTGTTTGTGGGTGT,TGGTGTTTGTGGGTGTGGTGAGTTTGAGTGAGT,CCCTCCACATACTCACTCAAACTCACC,GGTGAGTTTGAGTCAGTATGTGGAGGG,23,,295728.1886,,,,0.05,0.01,,0.000000005,0.000000005
10nt,10,5,TGGTGTTTGTGGGTGT,TGGTGTTTGTGGGTGTGGTGAGTTTGATGAGGT,CCCTCCACATACCTCATCAAACTCACC,GGTGAGTTTGATCAGGTATGTGGAGGG,23,,217299.7691,,,,0.05,0.01,,0.000000005,0.000000005
10nt,10,6,TGGTGTTTGTGGGTGT,TGGTGTTTGTGGGTGTGGTGAGTTTGTGAAGGT,CCCTCCACATACCTTCACAAACTCACC,GGTGAGTTTGTCAAGGTATGTGGAGGG,23,,280260.4987,,,,0.05,0.01,,0.000000005,0.000000005
10nt,10,7,TGGTGTTTGTGGGTGT,TGGTGTTTGTGGGTGTGGTGAGTTTTGAGAGGT,CCCTCCACATACCTCTCAAAACTCACC,GGTGAGTTTTCAGAGGTATGTGGAGGG,23,,223080.7601,,,,0.05,0.01,,0.000000005,0.000000005
10nt,10,8,TGGTGTTTGTGGGTGT,TGGTGTTTGTGGGTGTGGTGAGTTTGATGAGGT,CCCTCCACATACCTCATCAAACTCACC,GGTGAGTTTCATGAGGTATGTGGAGGG,23,,295421.8481,,,,0.05,0.01,,0.000000005,0.000000005
10nt,10,9,TGGTGTTTGTGGGTGT,TGGTGTTTGTGGGTGTGGTGAGTTGATTGAGGT,CCCTCCACATACCTCAATCAACTCACC,GGTGAGTTCATTGAGGTATGTGGAGGG,23,,472191.8964,,,,0.05,0.01,,0.000000005,0.000000005
10nt,10,10,TGGTGTTTGTGGGTGT,TGGTGTTTGTGGGTGTGGTGAGTGATTTGAGGT,CCCTCCACATACCTCAAATCACTCACC,GGTGAGTCATTTGAGGTATGTGGAGGG,23,,1638338.364,,,,0.05,0.01,,0.000000005,0.000000005
10nt,10,12,TGGTGTTTGTGGGTGT,TGGTGTTTGTGGGTGTGGTGAGTTTGAGGTTGA,CCCTCCACATTCAACCTCAAACTCACC,GGTGACTTTGAGGTTGAATGTGGAGGG,23,,3656080.537,,,,0.05,0.01,,0.000000005,0.000000005
10nt,10,14,TGGTGTTTGTGGGTGT,TGGTGTTTGTGGGTGTGGTGAGTTTGAGGTTGA,CCCTCCACATTCAACCTCAAACTCACC,GGTCAGTTTGAGGTTGAATGTGGAGGG,23,,6083745.566,,,,0.05,0.01,,0.000000005,0.000000005
7nt,7,-1,TGGTGTTTGTGGGTGT,TGGTGTTTGTGGGTGTGGTGAGTTTGAGGTTGA,CCCTCCACATTCAACCTCAAACTCACC,GGTGAGTTTGAGGTTGAATGTGGA,23,,1454757.811,,,,0.05,0.01,,0.000000005,0.000000005
7nt,7,2,TGGTGTTTGTGGGTGT,TGGTGTTTGTGGGTGTGGTGAGTTTGAGGTTGA,CCCTCCACATTCAACCTCAAACTCACC,GGTGAGTTTGAGGTTCAATGTGGA,23,,1513.979623,,,,0.05,0.01,,0.00000001,0.00000001
7nt,7,3,TGGTGTTTGTGGGTGT,TGGTGTTTGTGGGTGTGGTGAGTTTGAGGTGAT,CCCTCCACATATCACCTCAAACTCACC,GGTGAGTTTGAGGTCATATGTGGA,23,,1272.700403,,,,0.05,0.01,,0.00000001,0.00000001
7nt,7,4,TGGTGTTTGTGGGTGT,TGGTGTTTGTGGGTGTGGTGAGTTTGAGTGAGT,CCCTCCACATACTCACTCAAACTCACC,GGTGAGTTTGAGTCAGTATGTGGA,23,,3763.083768,,,,0.05,0.01,,0.00000001,0.00000001
7nt,7,5,TGGTGTTTGTGGGTGT,TGGTGTTTGTGGGTGTGGTGAGTTTGATGAGGT,CCCTCCACATACCTCATCAAACTCACC,GGTGAGTTTGATCAGGTATGTGGA,23,,1205.300325,,,,0.05,0.01,,0.00000001,0.00000001
7nt,7,6,TGGTGTTTGTGGGTGT,TGGTGTTTGTGGGTGTGGTGAGTTTGTGAAGGT,CCCTCCACATACCTTCACAAACTCACC,GGTGAGTTTGTCAAGGTATGTGGA,23,,4074.295396,,,,0.05,0.01,,0.00000001,0.00000001
7nt,7,7,TGGTGTTTGTGGGTGT,TGGTGTTTGTGGGTGTGGTGAGTTTTGAGAGGT,CCCTCCACATACCTCTCAAAACTCACC,GGTGAGTTTTCAGAGGTATGTGGA,23,,3245.284782,,,,0.05,0.01,,0.000000005,0.000000005
7nt,7,8,TGGTGTTTGTGGGTGT,TGGTGTTTGTGGGTGTGGTGAGTTTGATGAGGT,CCCTCCACATACCTCATCAAACTCACC,GGTGAGTTTCATGAGGTATGTGGA,23,,6086.899049,,,,0.05,0.01,,0.000000005,0.000000005
7nt,7,9,TGGTGTTTGTGGGTGT,TGGTGTTTGTGGGTGTGGTGAGTTGATTGAGGT,CCCTCCACATACCTCAATCAACTCACC,GGTGAGTTCATTGAGGTATGTGGA,23,,10535.51243,,,,0.05,0.01,,0.000000005,0.000000005
7nt,7,10,TGGTGTTTGTGGGTGT,TGGTGTTTGTGGGTGTGGTGAGTGATTTGAGGT,CCCTCCACATACCTCAAATCACTCACC,GGTGAGTCATTTGAGGTATGTGGA,23,,37585.36349,,,,0.05,0.01,,0.000000005,0.000000005
7nt,7,12,TGGTGTTTGTGGGTGT,TGGTGTTTGTGGGTGTGGTGAGTTTGAGGTTGA,CCCTCCACATTCAACCTCAAACTCACC,GGTGACTTTGAGGTTGAATGTGGA,23,,659143.1527,,,,0.05,0.01,,0.000000005,0.000000005
7nt,7,14,TGGTGTTTGTGGGTGT,TGGTGTTTGTGGGTGTGGTGAGTTTGAGGTTGA,CCCTCCACATTCAACCTCAAACTCACC,GGTCAGTTTGAGGTTGAATGTGGA,23,,2650976.339,,,,0.05,0.01,,0.000000005,0.000000005
6nt ,6,-1,TGGTGTTTGTGGGTGT,TGGTGTTTGTGGGTGTGGTGAGTTTGAGGTTGA,CCCTCCACATTCAACCTCAAACTCACC,GGTGAGTTTGAGGTTGAATGTGG,23,,2699496.823,,,,0.05,0.01,,0.000000005,0.000000005
6nt,6,2,TGGTGTTTGTGGGTGT,TGGTGTTTGTGGGTGTGGTGAGTTTGAGGTTGA,CCCTCCACATTCAACCTCAAACTCACC,GGTGAGTTTGAGGTTCAATGTGG,23,,518.8045197,,,,0.05,0.01,,0.00000001,0.00000001
6nt,6,3,TGGTGTTTGTGGGTGT,TGGTGTTTGTGGGTGTGGTGAGTTTGAGGTGAT,CCCTCCACATATCACCTCAAACTCACC,GGTGAGTTTGAGGTCATATGTGG,23,,1306.78473,,,,0.05,0.01,,0.00000001,0.00000001
6nt,6,4,TGGTGTTTGTGGGTGT,TGGTGTTTGTGGGTGTGGTGAGTTTGAGTGAGT,CCCTCCACATACTCACTCAAACTCACC,GGTGAGTTTGAGTCAGTATGTGG,23,,1255.450806,,,,0.05,0.01,,0.00000001,0.00000001
6nt,6,5,TGGTGTTTGTGGGTGT,TGGTGTTTGTGGGTGTGGTGAGTTTGATGAGGT,CCCTCCACATACCTCATCAAACTCACC,GGTGAGTTTGATCAGGTATGTGG,23,,1493.201885,,,,0.05,0.01,,0.00000001,0.00000001
6nt,6,6,TGGTGTTTGTGGGTGT,TGGTGTTTGTGGGTGTGGTGAGTTTGTGAAGGT,CCCTCCACATACCTTCACAAACTCACC,GGTGAGTTTGTCAAGGTATGTGG,23,,1513.456673,,,,0.05,0.01,,0.00000001,0.00000001
6nt,6,7,TGGTGTTTGTGGGTGT,TGGTGTTTGTGGGTGTGGTGAGTTTTGAGAGGT,CCCTCCACATACCTCTCAAAACTCACC,GGTGAGTTTTCAGAGGTATGTGG,23,,2292.1343,,,,0.05,0.01,,0.00000001,0.00000001
6nt,6,8,TGGTGTTTGTGGGTGT,TGGTGTTTGTGGGTGTGGTGAGTTTGATGAGGT,CCCTCCACATACCTCATCAAACTCACC,GGTGAGTTTCATGAGGTATGTGG,23,,2584.06287,,,,0.05,0.01,,0.00000001,0.00000001
6nt,6,9,TGGTGTTTGTGGGTGT,TGGTGTTTGTGGGTGTGGTGAGTTGATTGAGGT,CCCTCCACATACCTCAATCAACTCACC,GGTGAGTTCATTGAGGTATGTGG,23,,3612.762895,,,,0.05,0.01,,0.00000001,0.00000001
6nt,6,10,TGGTGTTTGTGGGTGT,TGGTGTTTGTGGGTGTGGTGAGTGATTTGAGGT,CCCTCCACATACCTCAAATCACTCACC,GGTGAGTCATTTGAGGTATGTGG,23,,5927.11305,,,,0.05,0.01,,0.00000001,0.00000001
6nt,6,12,TGGTGTTTGTGGGTGT,TGGTGTTTGTGGGTGTGGTGAGTTTGAGGTTGA,CCCTCCACATTCAACCTCAAACTCACC,GGTGACTTTGAGGTTGAATGTGG,23,,73390.76427,,,,0.05,0.01,,0.000000005,0.000000005
6nt,6,14,TGGTGTTTGTGGGTGT,TGGTGTTTGTGGGTGTGGTGAGTTTGAGGTTGA,CCCTCCACATTCAACCTCAAACTCACC,GGTCAGTTTGAGGTTGAATGTGG,23,,2141325.41,,,,0.05,0.01,,0.000000005,0.000000005
