name,toehold length,alpha,beta,gamma,temp inverye 1000/K,time,LOGRATE,,sodium,magnisium,0,0,0,0,0,concentration1,concentration2
s,1,CCACATACATCATATT,CCCTCATTCAATACCCTACG,TCTCCATGTCACTTC,3.354016,,0.916666667,,0.05,0.0125,,,,,,1.00E-07,4.00E-06
s,2,CCACATACATCATATT,CCCTCATTCAATACCCTACG,TCTCCATGTCACTTC,3.354016,,2.166666667,,0.05,0.0125,,,,,,1.00E-07,4.00E-07
s,3,CCACATACATCATATT,CCCTCATTCAATACCCTACG,TCTCCATGTCACTTC,3.354016,,3.055555556,,0.05,0.0125,,,,,,1.00E-08,4.00E-08
s,4,CCACATACATCATATT,CCCTCATTCAATACCCTACG,TCTCCATGTCACTTC,3.354016,,4.75,,0.05,0.0125,,,,,,1.00E-08,4.00E-09
s,5,CCACATACATCATATT,CCCTCATTCAATACCCTACG,TCTCCATGTCACTTC,3.354016,,6.027777778,,0.05,0.0125,,,,,,1.00E-09,4.00E-10
s,6,CCACATACATCATATT,CCCTCATTCAATACCCTACG,TCTCCATGTCACTTC,3.354016,,6.444444444,,0.05,0.0125,,,,,,1.00E-09,4.00E-10
s,7,CCACATACATCATATT,CCCTCATTCAATACCCTACG,TCTCCATGTCACTTC,3.354016,,6.583333333,,0.05,0.0125,,,,,,1.00E-09,4.00E-10
s,8,CCACATACATCATATT,CCCTCATTCAATACCCTACG,TCTCCATGTCACTTC,3.354016,,6.583333333,,0.05,0.0125,,,,,,1.00E-09,4.00E-10
s,9,CCACATACATCATATT,CCCTCATTCAATACCCTACG,TCTCCATGTCACTTC,3.354016,,6.5,,0.05,0.0125,,,,,,1.00E-09,4.00E-10
s,10,CCACATACATCATATT,CCCTCATTCAATACCCTACG,TCTCCATGTCACTTC,3.354016,,6.527777778,,0.05,0.0125,,,,,,1.00E-09,4.00E-10
sw,1,CCACATACATCATATT,CCCTCATTCAATACCCTACG,ATTTATTATA,3.354016,,0.916666667,,0.05,0.0125,,,,,,1.00E-08,4.00E-06
sw,2,CCACATACATCATATT,CCCTCATTCAATACCCTACG,ATTTATTATA,3.354016,,1.805555556,,0.05,0.0125,,,,,,1.00E-08,4.00E-07
sw,3,CCACATACATCATATT,CCCTCATTCAATACCCTACG,ATTTATTATA,3.354016,,2.694444444,,0.05,0.0125,,,,,,1.00E-08,4.00E-08
sw,4,CCACATACATCATATT,CCCTCATTCAATACCCTACG,ATTTATTATA,3.354016,,3.444444444,,0.05,0.0125,,,,,,1.00E-08,4.00E-08
sw,5,CCACATACATCATATT,CCCTCATTCAATACCCTACG,ATTTATTATA,3.354016,,4.222222222,,0.05,0.0125,,,,,,1.00E-08,4.00E-08
sw,6,CCACATACATCATATT,CCCTCATTCAATACCCTACG,ATTTATTATA,3.354016,,5,,0.05,0.0125,,,,,,1.00E-09,4.00E-09
sw,7,CCACATACATCATATT,CCCTCATTCAATACCCTACG,ATTTATTATA,3.354016,,5.527777778,,0.05,0.0125,,,,,,1.00E-09,4.00E-10
sw,8,CCACATACATCATATT,CCCTCATTCAATACCCTACG,ATTTATTATA,3.354016,,5.472222222,,0.05,0.0125,,,,,,1.00E-09,4.00E-10
sw,9,CCACATACATCATATT,CCCTCATTCAATACCCTACG,ATTTATTATA,3.354016,,5.722222222,,0.05,0.0125,,,,,,1.00E-09,4.00E-10
sw,10,CCACATACATCATATT,CCCTCATTCAATACCCTACG,ATTTATTATA,3.354016,,5.611111111,,0.05,0.0125,,,,,,1.00E-09,4.00E-10
ss,1,CCACATACATCATATT,CCCTCATTCAATACCCTACG,CCCGCCGCCG,3.354016,,1.277777778,,0.05,0.0125,,,,,,1.00E-08,4.00E-06
ss,2,CCACATACATCATATT,CCCTCATTCAATACCCTACG,CCCGCCGCCG,3.354016,,3.444444444,,0.05,0.0125,,,,,,1.00E-08,4.00E-08
ss,3,CCACATACATCATATT,CCCTCATTCAATACCCTACG,CCCGCCGCCG,3.354016,,4.583333333,,0.05,0.0125,,,,,,1.00E-08,4.00E-09
ss,4,CCACATACATCATATT,CCCTCATTCAATACCCTACG,CCCGCCGCCG,3.354016,,6.388888889,,0.05,0.0125,,,,,,1.00E-09,4.00E-10
ss,5,CCACATACATCATATT,CCCTCATTCAATACCCTACG,CCCGCCGCCG,3.354016,,6.888888889,,0.05,0.0125,,,,,,1.00E-09,4.00E-10
ss,6,CCACATACATCATATT,CCCTCATTCAATACCCTACG,CCCGCCGCCG,3.354016,,6.972222222,,0.05,0.0125,,,,,,1.00E-09,4.00E-10
ss,7,CCACATACATCATATT,CCCTCATTCAATACCCTACG,CCCGCCGCCG,3.354016,,6.805555556,,0.05,0.0125,,,,,,1.00E-09,4.00E-10
ss,8,CCACATACATCATATT,CCCTCATTCAATACCCTACG,CCCGCCGCCG,3.354016,,6.805555556,,0.05,0.0125,,,,,,1.00E-09,4.00E-10
ss,9,CCACATACATCATATT,CCCTCATTCAATACCCTACG,CCCGCCGCCG,3.354016,,6.722222222,,0.05,0.0125,,,,,,1.00E-09,4.00E-10
ss,10,CCACATACATCATATT,CCCTCATTCAATACCCTACG,CCCGCCGCCG,3.354016,,6.777777778,,0.05,0.0125,,,,,,1.00E-09,4.00E-10
