name,sequence1,sequence2,temp inverse 1000/K,time,LOG RATE,qposition,,sodium,magnisium,0,0,0,0,0,0,concentration1,concentration2
20mer,AGATTAGCAGGTTTCCCACC,GGTGGGAAACCTGCTAATCT,3.101094631,,7.635761589,,,1,,,,,,,,0.00000001,0.00000001
20mer,AGATTAGCAGGTTTCCCACC,GGTGGGAAACCTGCTAATCT,3.155694817,,7.370860927,,,1,,,,,,,,0.00000001,0.00000001
20mer,AGATTAGCAGGTTTCCCACC,GGTGGGAAACCTGCTAATCT,3.188741722,,7.42384106,,,1,,,,,,,,0.00000001,0.00000001
20mer,AGATTAGCAGGTTTCCCACC,GGTGGGAAACCTGCTAATCT,3.249942532,,7.21192053,,,1,,,,,,,,0.00000001,0.00000001
20mer,AGATTAGCAGGTTTCCCACC,GGTGGGAAACCTGCTAATCT,3.301204094,,7.105960265,,,1,,,,,,,,0.00000001,0.00000001
20mer,AGATTAGCAGGTTTCCCACC,GGTGGGAAACCTGCTAATCT,3.352531334,,6.682119205,,,1,,,,,,,,0.00000001,0.00000001
20mer,AGATTAGCAGGTTTCCCACC,GGTGGGAAACCTGCTAATCT,3.400498057,,6.523178808,,,1,,,,,,,,0.00000001,0.00000001
20mer,AGATTAGCAGGTTTCCCACC,GGTGGGAAACCTGCTAATCT,3.461687921,,6.364238411,,,1,,,,,,,,0.00000001,0.00000001
20mer,AGATTAGCAGGTTTCCCACC,GGTGGGAAACCTGCTAATCT,3.531196979,,5.940397351,,,1,,,,,,,,0.00000001,0.00000001
20mer,AGATTAGCAGGTTTCCCACC,GGTGGGAAACCTGCTAATCT,3.58901538,,6.099337748,,,1,,,,,,,,0.00000001,0.00000001
10mer,TTGGTGATCC,GGATCACCAA,3.352482075,,6.920529801,,,1,,,,,,,,0.00000001,0.00000001
10mer,TTGGTGATCC,GGATCACCAA,3.408707788,,6.78807947,,,1,,,,,,,,0.00000001,0.00000001
10mer,TTGGTGATCC,GGATCACCAA,3.45335778,,6.682119205,,,1,,,,,,,,0.00000001,0.00000001
10mer,TTGGTGATCC,GGATCACCAA,3.511219966,,6.629139073,,,1,,,,,,,,0.00000001,0.00000001
10mer,TTGGTGATCC,GGATCACCAA,3.615412402,,6.337748344,,,1,,,,,,,,0.00000001,0.00000001
