name,Target,Probe,TempCelcius,time,Rate,,sodium,magnisium,dangle,0,0,0,0,0,0,concentration1,concentration2
12nt,GAAAGCGAGACAGCGACAGAGCCCATGGAA,CGCTGTCTCGCT,30,,0.0000056,,0.05,4.00E-03,GAAAGCGAGACAGCGACAGAGCCCATGGAA,,,,,,,0.00000001,0.00000001
12nt,GAAAGCGAGACAGCGACAGAGCCCATGGAA,CGCTGTCTCGCT,32.5,,2.60E-05,,0.05,4.00E-03,GAAAGCGAGACAGCGACAGAGCCCATGGAA,,,,,,,0.00000001,0.00000001
12nt,GAAAGCGAGACAGCGACAGAGCCCATGGAA,CGCTGTCTCGCT,35,,7.50E-05,,0.05,4.00E-03,GAAAGCGAGACAGCGACAGAGCCCATGGAA,,,,,,,0.00000001,0.00000001
12nt,GAAAGCGAGACAGCGACAGAGCCCATGGAA,CGCTGTCTCGCT,37.5,,2.04E-04,,0.05,4.00E-03,GAAAGCGAGACAGCGACAGAGCCCATGGAA,,,,,,,0.00000001,0.00000001
12nt,GAAAGCGAGACAGCGACAGAGCCCATGGAA,CGCTGTCTCGCT,40,,5.60E-04,,0.05,4.00E-03,GAAAGCGAGACAGCGACAGAGCCCATGGAA,,,,,,,0.00000001,0.00000001
14nt,GAAAGCGAGACAGCGACAGAGCCCATGGAA,GTCGCTGTCTCGCT,40,,6.30E-06,,0.05,4.00E-03,GAAAGCGAGACAGCGACAGAGCCCATGGAA,,,,,,,0.00000001,0.00000001
14nt,GAAAGCGAGACAGCGACAGAGCCCATGGAA,GTCGCTGTCTCGCT,42.5,,2.20E-05,,0.05,4.00E-03,GAAAGCGAGACAGCGACAGAGCCCATGGAA,,,,,,,0.00000001,0.00000001
14nt,GAAAGCGAGACAGCGACAGAGCCCATGGAA,GTCGCTGTCTCGCT,45,,5.50E-05,,0.05,4.00E-03,GAAAGCGAGACAGCGACAGAGCCCATGGAA,,,,,,,0.00000001,0.00000001
14nt,GAAAGCGAGACAGCGACAGAGCCCATGGAA,GTCGCTGTCTCGCT,47.5,,2.37E-04,,0.05,4.00E-03,GAAAGCGAGACAGCGACAGAGCCCATGGAA,,,,,,,0.00000001,0.00000001
14nt,GAAAGCGAGACAGCGACAGAGCCCATGGAA,GTCGCTGTCTCGCT,50,,6.74E-04,,0.05,4.00E-03,GAAAGCGAGACAGCGACAGAGCCCATGGAA,,,,,,,0.00000001,0.00000001
16nt,GAAAGCGAGACAGCGACAGAGCCCATGGAA,CTGTCGCTGTCTCGCT,45,,4.90E-06,,0.05,4.00E-03,GAAAGCGAGACAGCGACAGAGCCCATGGAA,,,,,,,0.00000001,0.00000001
16nt,GAAAGCGAGACAGCGACAGAGCCCATGGAA,CTGTCGCTGTCTCGCT,50,,7.73E-05,,0.05,4.00E-03,GAAAGCGAGACAGCGACAGAGCCCATGGAA,,,,,,,0.00000001,0.00000001
16nt,GAAAGCGAGACAGCGACAGAGCCCATGGAA,CTGTCGCTGTCTCGCT,52.5,,3.99E-04,,0.05,4.00E-03,GAAAGCGAGACAGCGACAGAGCCCATGGAA,,,,,,,0.00000001,0.00000001
16nt,GAAAGCGAGACAGCGACAGAGCCCATGGAA,CTGTCGCTGTCTCGCT,55,,1.38E-03,,0.05,4.00E-03,GAAAGCGAGACAGCGACAGAGCCCATGGAA,,,,,,,0.00000001,0.00000001
