name,sequence1,loop,temp inverse 1000/K,time,rate,qposition,concentration,sodium,magnisium
T3,G,TTT,3.4112,,400000,,0.000000001,0.137,
T3,GG,TTT,3.4112,,400000,,0.000000001,0.137,
T4,G,TTTT,3.4112,,410000,,0.000000001,0.137,
T4,GG,TTTT,3.4112,,280000,,0.000000001,0.137,
T5,G,TTTTT,3.4112,,490000,,0.000000001,0.137,
T5,GG,TTTTT,3.4112,,130000,,0.000000001,0.137,
T6,G,TTTTTT,3.4112,,520000,,0.000000001,0.137,
T6,GG,TTTTTT,3.4112,,90000,,0.000000001,0.137,
T9,G,TTTTTTTTT,3.4112,,170000,,0.000000001,0.137,
T9,GG,TTTTTTTTT,3.4112,,40000,,0.000000001,0.137,
,,,,,,,,,
,,,,,,,,,
,,,,,,,,,
,,,,,,,,,
,,,,,,,,,
,,,,,,,,,
,,,,,,,,,
,,,,,,,,,
,,,,,,,,,
,,,,,,,,,
,,,,,,,,,
,,,,,,,,,
,,,,,,,,,
,,,,,,,,,
,,,,,,,,,
,,,,,,,,,
,,,,,,,,,
,,,,,,,,,
